INSERT INTO MEMBERTYPE (NAME, AMOUNT) VALUES ('Vollmitglied', 25);
INSERT INTO MEMBERTYPE (NAME, AMOUNT) VALUES ('Ermaessigt', 23);
INSERT INTO MEMBERTYPE (NAME, AMOUNT) VALUES ('Jugendmitglied', 15);
INSERT INTO MEMBERTYPE (NAME, AMOUNT) VALUES ('Foerdermitglied', 10);

INSERT INTO MEMBER (NAME, SURNAME, BIRTHDAY, ADDRESS, CITY, ZIPCODE, IBAN, ENTRYDATE, NOTICEDATE, EXITDATE, MEMBERTYPE) VALUES ('Alexis', 'Perezo', '1988-08-17','Dorfstrasse 2', 'Hamburg', 'D-22299', 'DE12345', '2011-01-02', '2015-11-04', '2016-12-31', 'Vollmitglied');
INSERT INTO MEMBER (NAME, SURNAME, BIRTHDAY, ADDRESS, CITY, ZIPCODE, IBAN, ENTRYDATE, NOTICEDATE, EXITDATE, MEMBERTYPE) VALUES ('Luis', 'Loisius','1992-12-31','Stresemannstr. 22', 'Hamburg', '20781', 'DE12345', '2014-05-07', '2015-09-15', '2015-12-31', 'Foerdermitglied');
INSERT INTO MEMBER (NAME, SURNAME, BIRTHDAY, ADDRESS, CITY, ZIPCODE, IBAN, ENTRYDATE, NOTICEDATE, EXITDATE, MEMBERTYPE) VALUES ('Marc', 'Rankenino','1987-07-07','Westerstr. 27', 'Elmshorn', '25337', 'ES9160', '2015-07-09', '', '', 'Ermaessigt');
-- INSERT INTO MEMBER (MEMBER_ID, NAME, SURNAME, BIRTHDAY, ADDRESS, CITY, ZIPCODE, IBAN, ENTRYDATE, NOTICEDATE, EXITDATE, MEMBERTYPE) VALUES (5 'Sven', 'Rankenino','09.08.1994','Rühlöffelweg 27', 'Elmshorn', '25337', 'ES9160', '01.01.2013', '2015-10-11', '2015-10-11', 'Ermaessigt');
--
-- Alexis
INSERT INTO PAYMENTS (YEAR, MEMBERTYPE, AMOUNT, STATUS, MEMBER_FK) VALUES (2015, 'Foerdermitglied', 10, 'offen', 1);
INSERT INTO PAYMENTS (YEAR, MEMBERTYPE, AMOUNT, STATUS, MEMBER_FK) VALUES (2014, 'Ermaessigt', 23, 'bezahlt', 1);
INSERT INTO PAYMENTS (YEAR, MEMBERTYPE, AMOUNT, STATUS, MEMBER_FK) VALUES (2013, 'Ermaessigt', 23, 'bezahlt', 1);
INSERT INTO PAYMENTS (YEAR, MEMBERTYPE, AMOUNT, STATUS, MEMBER_FK) VALUES (2012, 'Ermaessigt', 23, 'bezahlt', 1);
INSERT INTO PAYMENTS (YEAR, MEMBERTYPE, AMOUNT, STATUS, MEMBER_FK) VALUES (2011, 'Vollmitglied', 25, 'bezahlt', 1);
-- Luis
INSERT INTO PAYMENTS (YEAR, MEMBERTYPE, AMOUNT, STATUS, MEMBER_FK) VALUES (2014, 'Ermaessigt', 23, 'bezahlt', 2);
INSERT INTO PAYMENTS (YEAR, MEMBERTYPE, AMOUNT, STATUS, MEMBER_FK) VALUES (2015, 'Ermaessigt', 23, 'offen', 2);

-- Marc
INSERT INTO PAYMENTS (YEAR, MEMBERTYPE, AMOUNT, STATUS, MEMBER_FK) VALUES (2015, 'Vollmitglied', (SELECT amount FROM membertype WHERE name = 'Vollmitglied'), 'offen', 3);


